strategy,source,poll_sec,mode,n,wr_pct,avg_pnl_pct,median_pnl_pct,sum_pnl_usd
FAST_TP50_SL30,jupiter,0,raw,30,50.0,3.67,-3.12,24.41
FAST_TP50_SL30,jupiter,0,median_3,30,53.3,5.85,4.58,46.55
FAST_TP50_SL30,jupiter,0,median_5,30,50.0,3.42,-3.12,10.03
FAST_TP50_SL30,jupiter,0,winsor_p95,30,50.0,4.55,-3.12,27.05
FAST_TP50_SL30,jupiter,0,dual_confirm,30,53.3,5.85,4.58,46.55
FAST_TP50_SL30,jupiter,0,ema_fast,30,53.3,4.83,4.58,43.5
FAST_TP50_SL30,jupiter,0,ema_slow,30,53.3,6.15,4.58,46.82
FAST_TP50_SL30,jupiter,0,hysteresis,30,53.3,2.24,4.58,33.83
FAST_TP50_SL30,jupiter,0,volume_gated,30,50.0,3.67,-3.12,24.41
FAST_TP50_SL30,jupiter,30,raw,30,50.0,3.67,-3.12,24.41
FAST_TP50_SL30,jupiter,30,median_3,30,53.3,5.85,4.58,46.55
FAST_TP50_SL30,jupiter,30,median_5,30,50.0,3.42,-3.12,10.03
FAST_TP50_SL30,jupiter,30,winsor_p95,30,50.0,4.55,-3.12,27.05
FAST_TP50_SL30,jupiter,30,dual_confirm,30,53.3,5.85,4.58,46.55
FAST_TP50_SL30,jupiter,30,ema_fast,30,53.3,4.83,4.58,43.5
FAST_TP50_SL30,jupiter,30,ema_slow,30,53.3,6.15,4.58,46.82
FAST_TP50_SL30,jupiter,30,hysteresis,30,53.3,2.24,4.58,33.83
FAST_TP50_SL30,jupiter,30,volume_gated,30,50.0,3.67,-3.12,24.41
FAST_TP50_SL30,jupiter,60,raw,30,50.0,3.48,-3.12,24.08
FAST_TP50_SL30,jupiter,60,median_3,30,53.3,5.67,3.1,46.22
FAST_TP50_SL30,jupiter,60,median_5,30,50.0,3.23,-3.12,9.7
FAST_TP50_SL30,jupiter,60,winsor_p95,30,50.0,4.37,-3.12,26.72
FAST_TP50_SL30,jupiter,60,dual_confirm,30,53.3,5.67,3.1,46.22
FAST_TP50_SL30,jupiter,60,ema_fast,30,53.3,4.65,3.1,43.17
FAST_TP50_SL30,jupiter,60,ema_slow,30,53.3,5.92,3.1,41.92
FAST_TP50_SL30,jupiter,60,hysteresis,30,53.3,2.26,3.1,34.14
FAST_TP50_SL30,jupiter,60,volume_gated,30,50.0,3.48,-3.12,24.08
FAST_TP50_SL30,jupiter,120,raw,30,50.0,3.97,-0.93,25.82
FAST_TP50_SL30,jupiter,120,median_3,30,50.0,3.49,-0.93,6.29
FAST_TP50_SL30,jupiter,120,median_5,30,50.0,6.12,-0.93,40.74
FAST_TP50_SL30,jupiter,120,winsor_p95,30,53.3,4.63,7.79,43.39
FAST_TP50_SL30,jupiter,120,dual_confirm,30,53.3,5.92,7.79,42.76
FAST_TP50_SL30,jupiter,120,ema_fast,30,53.3,5.27,7.79,45.32
FAST_TP50_SL30,jupiter,120,ema_slow,30,53.3,5.75,7.79,41.63
FAST_TP50_SL30,jupiter,120,hysteresis,30,53.3,4.35,7.79,42.85
FAST_TP50_SL30,jupiter,120,volume_gated,30,50.0,3.97,-0.93,25.82
FAST_TP50_SL30,dexscreener,0,raw,30,50.0,3.23,-3.74,29.95
FAST_TP50_SL30,dexscreener,0,median_3,30,50.0,1.63,-3.74,37.92
FAST_TP50_SL30,dexscreener,0,median_5,30,46.7,0.56,-9.35,21.94
FAST_TP50_SL30,dexscreener,0,winsor_p95,30,46.7,0.56,-9.35,21.94
FAST_TP50_SL30,dexscreener,0,dual_confirm,30,53.3,4.3,1.49,45.94
FAST_TP50_SL30,dexscreener,0,ema_fast,30,53.3,5.9,3.98,37.97
FAST_TP50_SL30,dexscreener,0,ema_slow,30,53.3,5.29,1.49,55.95
FAST_TP50_SL30,dexscreener,0,hysteresis,30,53.3,2.19,1.49,52.18
FAST_TP50_SL30,dexscreener,0,volume_gated,30,50.0,3.23,-3.74,29.95
FAST_TP50_SL30,dexscreener,30,raw,30,50.0,3.23,-3.74,29.95
FAST_TP50_SL30,dexscreener,30,median_3,30,50.0,1.63,-3.74,37.92
FAST_TP50_SL30,dexscreener,30,median_5,30,46.7,0.56,-9.35,21.94
FAST_TP50_SL30,dexscreener,30,winsor_p95,30,46.7,0.56,-9.35,21.94
FAST_TP50_SL30,dexscreener,30,dual_confirm,30,53.3,4.3,1.49,45.94
FAST_TP50_SL30,dexscreener,30,ema_fast,30,53.3,5.9,3.98,37.97
FAST_TP50_SL30,dexscreener,30,ema_slow,30,53.3,5.29,1.49,55.95
FAST_TP50_SL30,dexscreener,30,hysteresis,30,53.3,2.19,1.49,52.18
FAST_TP50_SL30,dexscreener,30,volume_gated,30,50.0,3.23,-3.74,29.95
FAST_TP50_SL30,dexscreener,60,raw,30,50.0,3.15,-3.74,29.5
FAST_TP50_SL30,dexscreener,60,median_3,30,50.0,1.55,-3.74,37.47
FAST_TP50_SL30,dexscreener,60,median_5,30,46.7,0.48,-9.35,21.49
FAST_TP50_SL30,dexscreener,60,winsor_p95,30,46.7,0.48,-9.35,21.49
FAST_TP50_SL30,dexscreener,60,dual_confirm,30,53.3,4.22,1.49,45.49
FAST_TP50_SL30,dexscreener,60,ema_fast,30,53.3,5.82,3.78,37.52
FAST_TP50_SL30,dexscreener,60,ema_slow,30,53.3,6.05,1.49,63.82
FAST_TP50_SL30,dexscreener,60,hysteresis,30,53.3,1.98,1.49,51.36
FAST_TP50_SL30,dexscreener,60,volume_gated,30,50.0,3.15,-3.74,29.5
FAST_TP50_SL30,dexscreener,120,raw,30,50.0,3.6,-2.01,30.89
FAST_TP50_SL30,dexscreener,120,median_3,30,50.0,3.63,-2.01,28.83
FAST_TP50_SL30,dexscreener,120,median_5,30,50.0,4.11,-2.01,61.13
FAST_TP50_SL30,dexscreener,120,winsor_p95,30,53.3,3.02,3.21,41.95
FAST_TP50_SL30,dexscreener,120,dual_confirm,30,53.3,6.12,3.21,66.1
FAST_TP50_SL30,dexscreener,120,ema_fast,30,53.3,5.15,3.21,54.22
FAST_TP50_SL30,dexscreener,120,ema_slow,30,53.3,3.83,3.21,41.65
FAST_TP50_SL30,dexscreener,120,hysteresis,30,53.3,3.87,3.21,56.74
FAST_TP50_SL30,dexscreener,120,volume_gated,30,50.0,3.6,-2.01,30.89
FAST_TP50_SL30,both,0,raw,30,50.0,3.47,-3.12,31.31
FAST_TP50_SL30,both,0,median_3,30,53.3,4.63,4.58,50.4
FAST_TP50_SL30,both,0,median_5,30,50.0,2.2,-3.12,13.88
FAST_TP50_SL30,both,0,winsor_p95,30,50.0,3.33,-3.12,30.9
FAST_TP50_SL30,both,0,dual_confirm,30,53.3,4.63,4.58,50.4
FAST_TP50_SL30,both,0,ema_fast,30,53.3,4.63,4.58,50.4
FAST_TP50_SL30,both,0,ema_slow,30,53.3,4.93,4.58,50.67
FAST_TP50_SL30,both,0,hysteresis,30,53.3,2.08,4.58,53.58
FAST_TP50_SL30,both,0,volume_gated,30,50.0,3.47,-3.12,31.31
FAST_TP50_SL30,both,30,raw,30,50.0,3.47,-3.12,31.31
FAST_TP50_SL30,both,30,median_3,30,53.3,4.63,4.58,50.4
FAST_TP50_SL30,both,30,median_5,30,50.0,2.2,-3.12,13.88
FAST_TP50_SL30,both,30,winsor_p95,30,50.0,3.33,-3.12,30.9
FAST_TP50_SL30,both,30,dual_confirm,30,53.3,4.63,4.58,50.4
FAST_TP50_SL30,both,30,ema_fast,30,53.3,4.63,4.58,50.4
FAST_TP50_SL30,both,30,ema_slow,30,53.3,4.93,4.58,50.67
FAST_TP50_SL30,both,30,hysteresis,30,53.3,2.08,4.58,53.58
FAST_TP50_SL30,both,30,volume_gated,30,50.0,3.47,-3.12,31.31
FAST_TP50_SL30,both,60,raw,30,50.0,3.29,-3.12,30.98
FAST_TP50_SL30,both,60,median_3,30,53.3,4.45,3.1,50.07
FAST_TP50_SL30,both,60,median_5,30,50.0,2.02,-3.12,13.55
FAST_TP50_SL30,both,60,winsor_p95,30,50.0,3.15,-3.12,30.57
FAST_TP50_SL30,both,60,dual_confirm,30,53.3,4.45,3.1,50.07
FAST_TP50_SL30,both,60,ema_fast,30,53.3,4.45,3.1,50.07
FAST_TP50_SL30,both,60,ema_slow,30,53.3,5.56,3.1,58.57
FAST_TP50_SL30,both,60,hysteresis,30,53.3,2.11,3.1,53.89
FAST_TP50_SL30,both,60,volume_gated,30,50.0,3.29,-3.12,30.98
FAST_TP50_SL30,both,120,raw,30,50.0,3.78,-0.93,32.72
FAST_TP50_SL30,both,120,median_3,30,50.0,3.13,-0.93,22.94
FAST_TP50_SL30,both,120,median_5,30,50.0,5.75,-0.93,57.39
FAST_TP50_SL30,both,120,winsor_p95,30,53.3,3.42,7.79,47.24
FAST_TP50_SL30,both,120,dual_confirm,30,53.3,5.56,7.79,59.41
FAST_TP50_SL30,both,120,ema_fast,30,53.3,5.08,7.79,52.22
FAST_TP50_SL30,both,120,ema_slow,30,53.3,5.39,7.79,58.28
FAST_TP50_SL30,both,120,hysteresis,30,53.3,3.99,7.79,59.5
FAST_TP50_SL30,both,120,volume_gated,30,50.0,3.78,-0.93,32.72
DTRAIL10_ACT15_SL70,jupiter,0,raw,30,60.0,-3.57,2.26,-147.7
DTRAIL10_ACT15_SL70,jupiter,0,median_3,30,53.3,-5.02,1.58,-153.7
DTRAIL10_ACT15_SL70,jupiter,0,median_5,30,50.0,-3.8,0.23,-156.88
DTRAIL10_ACT15_SL70,jupiter,0,winsor_p95,30,56.7,-5.65,1.8,-181.43
DTRAIL10_ACT15_SL70,jupiter,0,dual_confirm,30,60.0,-3.57,2.26,-147.7
DTRAIL10_ACT15_SL70,jupiter,0,ema_fast,30,50.0,-4.79,-0.07,-134.39
DTRAIL10_ACT15_SL70,jupiter,0,ema_slow,30,46.7,-1.51,-1.22,-40.35
DTRAIL10_ACT15_SL70,jupiter,0,hysteresis,30,60.0,-4.68,2.26,-167.42
DTRAIL10_ACT15_SL70,jupiter,0,volume_gated,30,60.0,-3.57,2.26,-147.7
DTRAIL10_ACT15_SL70,jupiter,30,raw,30,60.0,-3.57,2.26,-147.7
DTRAIL10_ACT15_SL70,jupiter,30,median_3,30,53.3,-5.02,1.58,-153.7
DTRAIL10_ACT15_SL70,jupiter,30,median_5,30,50.0,-3.8,0.23,-156.88
DTRAIL10_ACT15_SL70,jupiter,30,winsor_p95,30,56.7,-5.65,1.8,-181.43
DTRAIL10_ACT15_SL70,jupiter,30,dual_confirm,30,60.0,-3.57,2.26,-147.7
DTRAIL10_ACT15_SL70,jupiter,30,ema_fast,30,50.0,-4.79,-0.07,-134.39
DTRAIL10_ACT15_SL70,jupiter,30,ema_slow,30,46.7,-1.51,-1.22,-40.35
DTRAIL10_ACT15_SL70,jupiter,30,hysteresis,30,60.0,-4.68,2.26,-167.42
DTRAIL10_ACT15_SL70,jupiter,30,volume_gated,30,60.0,-3.57,2.26,-147.7
DTRAIL10_ACT15_SL70,jupiter,60,raw,30,60.0,-4.0,2.26,-154.1
DTRAIL10_ACT15_SL70,jupiter,60,median_3,30,53.3,-4.84,1.09,-150.92
DTRAIL10_ACT15_SL70,jupiter,60,median_5,30,53.3,-0.89,1.47,-97.49
DTRAIL10_ACT15_SL70,jupiter,60,winsor_p95,30,56.7,-4.86,2.26,-169.62
DTRAIL10_ACT15_SL70,jupiter,60,dual_confirm,30,60.0,-4.0,2.26,-154.1
DTRAIL10_ACT15_SL70,jupiter,60,ema_fast,30,53.3,-1.9,5.42,-90.88
DTRAIL10_ACT15_SL70,jupiter,60,ema_slow,30,46.7,2.03,-1.13,58.1
DTRAIL10_ACT15_SL70,jupiter,60,hysteresis,30,60.0,-5.11,2.26,-173.82
DTRAIL10_ACT15_SL70,jupiter,60,volume_gated,30,60.0,-4.0,2.26,-154.1
DTRAIL10_ACT15_SL70,jupiter,120,raw,30,53.3,-0.89,2.02,-83.57
DTRAIL10_ACT15_SL70,jupiter,120,median_3,30,50.0,0.35,0.32,-46.74
DTRAIL10_ACT15_SL70,jupiter,120,median_5,30,53.3,-0.59,1.47,-71.99
DTRAIL10_ACT15_SL70,jupiter,120,winsor_p95,30,50.0,-0.98,-0.53,-65.17
DTRAIL10_ACT15_SL70,jupiter,120,dual_confirm,30,53.3,-0.89,2.02,-83.57
DTRAIL10_ACT15_SL70,jupiter,120,ema_fast,30,53.3,-4.04,2.02,-126.26
DTRAIL10_ACT15_SL70,jupiter,120,ema_slow,30,56.7,-2.25,2.04,-79.41
DTRAIL10_ACT15_SL70,jupiter,120,hysteresis,30,53.3,-2.0,2.02,-103.29
DTRAIL10_ACT15_SL70,jupiter,120,volume_gated,30,53.3,-0.89,2.02,-83.57
DTRAIL10_ACT15_SL70,dexscreener,0,raw,30,63.3,-0.47,6.52,-40.2
DTRAIL10_ACT15_SL70,dexscreener,0,median_3,30,46.7,-7.54,-0.36,-212.84
DTRAIL10_ACT15_SL70,dexscreener,0,median_5,30,50.0,-4.14,0.17,-146.08
DTRAIL10_ACT15_SL70,dexscreener,0,winsor_p95,30,53.3,-5.89,1.35,-198.83
DTRAIL10_ACT15_SL70,dexscreener,0,dual_confirm,30,63.3,-0.47,6.52,-40.2
DTRAIL10_ACT15_SL70,dexscreener,0,ema_fast,30,50.0,-3.05,0.42,-159.77
DTRAIL10_ACT15_SL70,dexscreener,0,ema_slow,30,43.3,0.35,-4.83,-7.87
DTRAIL10_ACT15_SL70,dexscreener,0,hysteresis,30,63.3,-1.58,6.52,-60.03
DTRAIL10_ACT15_SL70,dexscreener,0,volume_gated,30,63.3,-0.47,6.52,-40.2
DTRAIL10_ACT15_SL70,dexscreener,30,raw,30,63.3,-0.47,6.52,-40.2
DTRAIL10_ACT15_SL70,dexscreener,30,median_3,30,46.7,-7.54,-0.36,-212.84
DTRAIL10_ACT15_SL70,dexscreener,30,median_5,30,50.0,-4.14,0.17,-146.08
DTRAIL10_ACT15_SL70,dexscreener,30,winsor_p95,30,53.3,-5.89,1.35,-198.83
DTRAIL10_ACT15_SL70,dexscreener,30,dual_confirm,30,63.3,-0.47,6.52,-40.2
DTRAIL10_ACT15_SL70,dexscreener,30,ema_fast,30,50.0,-3.05,0.42,-159.77
DTRAIL10_ACT15_SL70,dexscreener,30,ema_slow,30,43.3,0.35,-4.83,-7.87
DTRAIL10_ACT15_SL70,dexscreener,30,hysteresis,30,63.3,-1.58,6.52,-60.03
DTRAIL10_ACT15_SL70,dexscreener,30,volume_gated,30,63.3,-0.47,6.52,-40.2
DTRAIL10_ACT15_SL70,dexscreener,60,raw,30,63.3,0.73,6.52,-21.44
DTRAIL10_ACT15_SL70,dexscreener,60,median_3,30,50.0,-5.17,0.59,-172.68
DTRAIL10_ACT15_SL70,dexscreener,60,median_5,30,50.0,-1.99,0.17,-111.91
DTRAIL10_ACT15_SL70,dexscreener,60,winsor_p95,30,56.7,-3.77,1.69,-165.95
DTRAIL10_ACT15_SL70,dexscreener,60,dual_confirm,30,63.3,0.73,6.52,-21.44
DTRAIL10_ACT15_SL70,dexscreener,60,ema_fast,30,50.0,-4.37,0.42,-178.85
DTRAIL10_ACT15_SL70,dexscreener,60,ema_slow,30,46.7,2.08,-0.57,45.37
DTRAIL10_ACT15_SL70,dexscreener,60,hysteresis,30,63.3,-0.38,6.52,-41.27
DTRAIL10_ACT15_SL70,dexscreener,60,volume_gated,30,63.3,0.73,6.52,-21.44
DTRAIL10_ACT15_SL70,dexscreener,120,raw,30,53.3,-1.14,3.82,-59.08
DTRAIL10_ACT15_SL70,dexscreener,120,median_3,30,53.3,2.13,11.84,16.9
DTRAIL10_ACT15_SL70,dexscreener,120,median_5,30,53.3,2.64,4.3,23.44
DTRAIL10_ACT15_SL70,dexscreener,120,winsor_p95,30,56.7,2.01,9.4,16.92
DTRAIL10_ACT15_SL70,dexscreener,120,dual_confirm,30,53.3,-1.14,3.82,-59.08
DTRAIL10_ACT15_SL70,dexscreener,120,ema_fast,30,53.3,-1.01,8.95,-49.93
DTRAIL10_ACT15_SL70,dexscreener,120,ema_slow,30,60.0,0.35,16.59,-10.93
DTRAIL10_ACT15_SL70,dexscreener,120,hysteresis,30,53.3,-2.25,3.82,-78.91
DTRAIL10_ACT15_SL70,dexscreener,120,volume_gated,30,53.3,-1.14,3.82,-59.08
DTRAIL10_ACT15_SL70,both,0,raw,30,60.0,-2.97,2.51,-128.42
DTRAIL10_ACT15_SL70,both,0,median_3,30,53.3,-4.81,3.14,-147.3
DTRAIL10_ACT15_SL70,both,0,median_5,30,50.0,-1.99,0.23,-131.38
DTRAIL10_ACT15_SL70,both,0,winsor_p95,30,56.7,-5.05,1.8,-162.15
DTRAIL10_ACT15_SL70,both,0,dual_confirm,30,60.0,-2.97,2.51,-128.42
DTRAIL10_ACT15_SL70,both,0,ema_fast,30,50.0,-4.22,1.29,-115.39
DTRAIL10_ACT15_SL70,both,0,ema_slow,30,43.3,0.67,-1.22,-2.87
DTRAIL10_ACT15_SL70,both,0,hysteresis,30,60.0,-4.08,2.51,-148.14
DTRAIL10_ACT15_SL70,both,0,volume_gated,30,60.0,-2.97,2.51,-128.42
DTRAIL10_ACT15_SL70,both,30,raw,30,60.0,-2.97,2.51,-128.42
DTRAIL10_ACT15_SL70,both,30,median_3,30,53.3,-4.81,3.14,-147.3
DTRAIL10_ACT15_SL70,both,30,median_5,30,50.0,-1.99,0.23,-131.38
DTRAIL10_ACT15_SL70,both,30,winsor_p95,30,56.7,-5.05,1.8,-162.15
DTRAIL10_ACT15_SL70,both,30,dual_confirm,30,60.0,-2.97,2.51,-128.42
DTRAIL10_ACT15_SL70,both,30,ema_fast,30,50.0,-4.22,1.29,-115.39
DTRAIL10_ACT15_SL70,both,30,ema_slow,30,43.3,0.67,-1.22,-2.87
DTRAIL10_ACT15_SL70,both,30,hysteresis,30,60.0,-4.08,2.51,-148.14
DTRAIL10_ACT15_SL70,both,30,volume_gated,30,60.0,-2.97,2.51,-128.42
DTRAIL10_ACT15_SL70,both,60,raw,30,60.0,-3.4,2.51,-134.82
DTRAIL10_ACT15_SL70,both,60,median_3,30,53.3,-4.63,1.09,-144.52
DTRAIL10_ACT15_SL70,both,60,median_5,30,53.3,-0.43,1.47,-92.09
DTRAIL10_ACT15_SL70,both,60,winsor_p95,30,56.7,-4.27,2.51,-150.34
DTRAIL10_ACT15_SL70,both,60,dual_confirm,30,60.0,-3.4,2.51,-134.82
DTRAIL10_ACT15_SL70,both,60,ema_fast,30,53.3,-1.32,10.06,-71.88
DTRAIL10_ACT15_SL70,both,60,ema_slow,30,43.3,2.72,-1.13,73.15
DTRAIL10_ACT15_SL70,both,60,hysteresis,30,60.0,-4.51,2.51,-154.54
DTRAIL10_ACT15_SL70,both,60,volume_gated,30,60.0,-3.4,2.51,-134.82
DTRAIL10_ACT15_SL70,both,120,raw,30,53.3,-0.29,4.12,-64.22
DTRAIL10_ACT15_SL70,both,120,median_3,30,50.0,0.51,0.32,-38.29
DTRAIL10_ACT15_SL70,both,120,median_5,30,53.3,0.44,1.47,-50.4
DTRAIL10_ACT15_SL70,both,120,winsor_p95,30,50.0,-0.38,-0.53,-45.82
DTRAIL10_ACT15_SL70,both,120,dual_confirm,30,53.3,-0.29,4.12,-64.22
DTRAIL10_ACT15_SL70,both,120,ema_fast,30,53.3,-3.67,6.42,-110.33
DTRAIL10_ACT15_SL70,both,120,ema_slow,30,56.7,-2.75,6.42,-104.3
DTRAIL10_ACT15_SL70,both,120,hysteresis,30,53.3,-1.4,4.12,-83.94
DTRAIL10_ACT15_SL70,both,120,volume_gated,30,53.3,-0.29,4.12,-64.22
DTRAIL3_ACT5_SL60,jupiter,0,raw,30,56.7,-4.45,2.69,-55.64
DTRAIL3_ACT5_SL60,jupiter,0,median_3,30,50.0,-6.75,-0.33,-86.68
DTRAIL3_ACT5_SL60,jupiter,0,median_5,30,43.3,-10.51,-3.15,-143.77
DTRAIL3_ACT5_SL60,jupiter,0,winsor_p95,30,56.7,-4.52,2.69,-56.5
DTRAIL3_ACT5_SL60,jupiter,0,dual_confirm,30,56.7,-4.6,2.69,-57.49
DTRAIL3_ACT5_SL60,jupiter,0,ema_fast,30,50.0,-5.65,-0.33,-70.15
DTRAIL3_ACT5_SL60,jupiter,0,ema_slow,30,40.0,-3.23,-8.15,-49.55
DTRAIL3_ACT5_SL60,jupiter,0,hysteresis,30,56.7,-5.14,2.69,-70.42
DTRAIL3_ACT5_SL60,jupiter,0,volume_gated,30,56.7,-4.45,2.69,-55.64
DTRAIL3_ACT5_SL60,jupiter,30,raw,30,56.7,-4.45,2.69,-55.64
DTRAIL3_ACT5_SL60,jupiter,30,median_3,30,50.0,-6.75,-0.33,-86.68
DTRAIL3_ACT5_SL60,jupiter,30,median_5,30,43.3,-10.51,-3.15,-143.77
DTRAIL3_ACT5_SL60,jupiter,30,winsor_p95,30,56.7,-4.52,2.69,-56.5
DTRAIL3_ACT5_SL60,jupiter,30,dual_confirm,30,56.7,-4.6,2.69,-57.49
DTRAIL3_ACT5_SL60,jupiter,30,ema_fast,30,50.0,-5.65,-0.33,-70.15
DTRAIL3_ACT5_SL60,jupiter,30,ema_slow,30,40.0,-3.23,-8.15,-49.55
DTRAIL3_ACT5_SL60,jupiter,30,hysteresis,30,56.7,-5.14,2.69,-70.42
DTRAIL3_ACT5_SL60,jupiter,30,volume_gated,30,56.7,-4.45,2.69,-55.64
DTRAIL3_ACT5_SL60,jupiter,60,raw,30,56.7,-4.1,2.23,-51.36
DTRAIL3_ACT5_SL60,jupiter,60,median_3,30,46.7,-7.31,-1.78,-95.4
DTRAIL3_ACT5_SL60,jupiter,60,median_5,30,53.3,-7.17,1.37,-94.59
DTRAIL3_ACT5_SL60,jupiter,60,winsor_p95,30,56.7,-4.18,2.23,-52.22
DTRAIL3_ACT5_SL60,jupiter,60,dual_confirm,30,56.7,-4.26,2.23,-53.21
DTRAIL3_ACT5_SL60,jupiter,60,ema_fast,30,46.7,-5.42,-1.78,-67.54
DTRAIL3_ACT5_SL60,jupiter,60,ema_slow,30,43.3,-1.7,-4.2,-25.55
DTRAIL3_ACT5_SL60,jupiter,60,hysteresis,30,56.7,-4.79,2.23,-66.14
DTRAIL3_ACT5_SL60,jupiter,60,volume_gated,30,56.7,-4.1,2.23,-51.36
DTRAIL3_ACT5_SL60,jupiter,120,raw,30,53.3,-3.17,0.8,-39.63
DTRAIL3_ACT5_SL60,jupiter,120,median_3,30,53.3,-4.61,0.8,-65.04
DTRAIL3_ACT5_SL60,jupiter,120,median_5,30,50.0,-2.81,-1.42,-36.44
DTRAIL3_ACT5_SL60,jupiter,120,winsor_p95,30,53.3,-5.96,0.8,-82.1
DTRAIL3_ACT5_SL60,jupiter,120,dual_confirm,30,53.3,-3.33,0.8,-41.48
DTRAIL3_ACT5_SL60,jupiter,120,ema_fast,30,53.3,-5.35,0.8,-74.02
DTRAIL3_ACT5_SL60,jupiter,120,ema_slow,30,53.3,0.24,0.8,-1.05
DTRAIL3_ACT5_SL60,jupiter,120,hysteresis,30,53.3,-4.47,0.8,-62.59
DTRAIL3_ACT5_SL60,jupiter,120,volume_gated,30,53.3,-3.17,0.8,-39.63
DTRAIL3_ACT5_SL60,dexscreener,0,raw,30,60.0,-5.51,3.4,-75.61
DTRAIL3_ACT5_SL60,dexscreener,0,median_3,30,56.7,-5.18,2.23,-68.66
DTRAIL3_ACT5_SL60,dexscreener,0,median_5,30,56.7,-4.71,1.85,-64.19
DTRAIL3_ACT5_SL60,dexscreener,0,winsor_p95,30,53.3,-7.07,0.89,-96.27
DTRAIL3_ACT5_SL60,dexscreener,0,dual_confirm,30,60.0,-5.51,3.4,-75.61
DTRAIL3_ACT5_SL60,dexscreener,0,ema_fast,30,53.3,-6.27,0.89,-83.71
DTRAIL3_ACT5_SL60,dexscreener,0,ema_slow,30,43.3,-5.44,-7.43,-78.28
DTRAIL3_ACT5_SL60,dexscreener,0,hysteresis,30,60.0,-6.19,3.4,-90.27
DTRAIL3_ACT5_SL60,dexscreener,0,volume_gated,30,60.0,-5.51,3.4,-75.61
DTRAIL3_ACT5_SL60,dexscreener,30,raw,30,60.0,-5.51,3.4,-75.61
DTRAIL3_ACT5_SL60,dexscreener,30,median_3,30,56.7,-5.18,2.23,-68.66
DTRAIL3_ACT5_SL60,dexscreener,30,median_5,30,56.7,-4.71,1.85,-64.19
DTRAIL3_ACT5_SL60,dexscreener,30,winsor_p95,30,53.3,-7.07,0.89,-96.27
DTRAIL3_ACT5_SL60,dexscreener,30,dual_confirm,30,60.0,-5.51,3.4,-75.61
DTRAIL3_ACT5_SL60,dexscreener,30,ema_fast,30,53.3,-6.27,0.89,-83.71
DTRAIL3_ACT5_SL60,dexscreener,30,ema_slow,30,43.3,-5.44,-7.43,-78.28
DTRAIL3_ACT5_SL60,dexscreener,30,hysteresis,30,60.0,-6.19,3.4,-90.27
DTRAIL3_ACT5_SL60,dexscreener,30,volume_gated,30,60.0,-5.51,3.4,-75.61
DTRAIL3_ACT5_SL60,dexscreener,60,raw,30,60.0,-5.97,3.33,-82.19
DTRAIL3_ACT5_SL60,dexscreener,60,median_3,30,56.7,-5.62,3.03,-74.65
DTRAIL3_ACT5_SL60,dexscreener,60,median_5,30,56.7,-4.56,3.14,-61.89
DTRAIL3_ACT5_SL60,dexscreener,60,winsor_p95,30,56.7,-6.69,3.14,-90.27
DTRAIL3_ACT5_SL60,dexscreener,60,dual_confirm,30,60.0,-6.13,3.33,-84.19
DTRAIL3_ACT5_SL60,dexscreener,60,ema_fast,30,56.7,-4.57,3.03,-61.47
DTRAIL3_ACT5_SL60,dexscreener,60,ema_slow,30,53.3,-1.86,3.14,-23.84
DTRAIL3_ACT5_SL60,dexscreener,60,hysteresis,30,60.0,-6.65,3.33,-96.85
DTRAIL3_ACT5_SL60,dexscreener,60,volume_gated,30,60.0,-5.97,3.33,-82.19
DTRAIL3_ACT5_SL60,dexscreener,120,raw,30,53.3,-0.67,1.64,-9.45
DTRAIL3_ACT5_SL60,dexscreener,120,median_3,30,53.3,-4.5,1.64,-61.68
DTRAIL3_ACT5_SL60,dexscreener,120,median_5,30,50.0,-1.65,-0.0,-20.87
DTRAIL3_ACT5_SL60,dexscreener,120,winsor_p95,30,53.3,-1.67,1.64,-21.14
DTRAIL3_ACT5_SL60,dexscreener,120,dual_confirm,30,53.3,-0.84,1.64,-11.45
DTRAIL3_ACT5_SL60,dexscreener,120,ema_fast,30,56.7,-1.96,3.53,-26.82
DTRAIL3_ACT5_SL60,dexscreener,120,ema_slow,30,56.7,-1.13,3.62,-13.86
DTRAIL3_ACT5_SL60,dexscreener,120,hysteresis,30,53.3,-1.95,1.64,-32.17
DTRAIL3_ACT5_SL60,dexscreener,120,volume_gated,30,53.3,-0.67,1.64,-9.45
DTRAIL3_ACT5_SL60,both,0,raw,30,56.7,-4.46,2.69,-55.85
DTRAIL3_ACT5_SL60,both,0,median_3,30,50.0,-6.3,-0.33,-79.83
DTRAIL3_ACT5_SL60,both,0,median_5,30,46.7,-9.22,-1.12,-124.39
DTRAIL3_ACT5_SL60,both,0,winsor_p95,30,56.7,-4.54,2.69,-56.71
DTRAIL3_ACT5_SL60,both,0,dual_confirm,30,56.7,-4.62,2.69,-57.7
DTRAIL3_ACT5_SL60,both,0,ema_fast,30,50.0,-5.67,-0.33,-70.36
DTRAIL3_ACT5_SL60,both,0,ema_slow,30,43.3,-2.31,-8.24,-29.94
DTRAIL3_ACT5_SL60,both,0,hysteresis,30,56.7,-5.16,2.69,-70.63
DTRAIL3_ACT5_SL60,both,0,volume_gated,30,56.7,-4.46,2.69,-55.85
DTRAIL3_ACT5_SL60,both,30,raw,30,56.7,-4.46,2.69,-55.85
DTRAIL3_ACT5_SL60,both,30,median_3,30,50.0,-6.3,-0.33,-79.83
DTRAIL3_ACT5_SL60,both,30,median_5,30,46.7,-9.22,-1.12,-124.39
DTRAIL3_ACT5_SL60,both,30,winsor_p95,30,56.7,-4.54,2.69,-56.71
DTRAIL3_ACT5_SL60,both,30,dual_confirm,30,56.7,-4.62,2.69,-57.7
DTRAIL3_ACT5_SL60,both,30,ema_fast,30,50.0,-5.67,-0.33,-70.36
DTRAIL3_ACT5_SL60,both,30,ema_slow,30,43.3,-2.31,-8.24,-29.94
DTRAIL3_ACT5_SL60,both,30,hysteresis,30,56.7,-5.16,2.69,-70.63
DTRAIL3_ACT5_SL60,both,30,volume_gated,30,56.7,-4.46,2.69,-55.85
DTRAIL3_ACT5_SL60,both,60,raw,30,56.7,-4.12,2.23,-51.57
DTRAIL3_ACT5_SL60,both,60,median_3,30,46.7,-7.32,-1.78,-95.61
DTRAIL3_ACT5_SL60,both,60,median_5,30,53.3,-7.19,1.37,-94.8
DTRAIL3_ACT5_SL60,both,60,winsor_p95,30,56.7,-4.2,2.23,-52.43
DTRAIL3_ACT5_SL60,both,60,dual_confirm,30,56.7,-4.27,2.23,-53.42
DTRAIL3_ACT5_SL60,both,60,ema_fast,30,46.7,-5.43,-1.78,-67.75
DTRAIL3_ACT5_SL60,both,60,ema_slow,30,43.3,-3.45,-4.2,-45.84
DTRAIL3_ACT5_SL60,both,60,hysteresis,30,56.7,-4.81,2.23,-66.35
DTRAIL3_ACT5_SL60,both,60,volume_gated,30,56.7,-4.12,2.23,-51.57
DTRAIL3_ACT5_SL60,both,120,raw,30,53.3,-3.19,0.8,-39.84
DTRAIL3_ACT5_SL60,both,120,median_3,30,53.3,-4.63,0.8,-65.25
DTRAIL3_ACT5_SL60,both,120,median_5,30,50.0,-2.83,-1.42,-36.65
DTRAIL3_ACT5_SL60,both,120,winsor_p95,30,53.3,-5.97,0.8,-82.31
DTRAIL3_ACT5_SL60,both,120,dual_confirm,30,53.3,-3.34,0.8,-41.69
DTRAIL3_ACT5_SL60,both,120,ema_fast,30,53.3,-5.37,0.8,-74.23
DTRAIL3_ACT5_SL60,both,120,ema_slow,30,53.3,-2.82,0.8,-37.81
DTRAIL3_ACT5_SL60,both,120,hysteresis,30,53.3,-4.49,0.8,-62.8
DTRAIL3_ACT5_SL60,both,120,volume_gated,30,53.3,-3.19,0.8,-39.84
DIP30_B5_T5_A20_SL70_240m,jupiter,0,raw,30,56.7,-2.45,2.02,3.88
DIP30_B5_T5_A20_SL70_240m,jupiter,0,median_3,30,53.3,-4.75,2.7,-8.32
DIP30_B5_T5_A20_SL70_240m,jupiter,0,median_5,30,46.7,-9.97,-3.02,-34.61
DIP30_B5_T5_A20_SL70_240m,jupiter,0,winsor_p95,30,56.7,3.44,6.57,21.46
DIP30_B5_T5_A20_SL70_240m,jupiter,0,dual_confirm,30,56.7,-2.45,2.02,3.88
DIP30_B5_T5_A20_SL70_240m,jupiter,0,ema_fast,30,56.7,2.75,13.05,16.29
DIP30_B5_T5_A20_SL70_240m,jupiter,0,ema_slow,30,43.3,-5.13,-3.3,-23.14
DIP30_B5_T5_A20_SL70_240m,jupiter,0,hysteresis,30,56.7,-4.15,2.02,-5.73
DIP30_B5_T5_A20_SL70_240m,jupiter,0,volume_gated,30,56.7,-2.45,2.02,3.88
DIP30_B5_T5_A20_SL70_240m,jupiter,30,raw,30,56.7,-2.45,2.02,3.88
DIP30_B5_T5_A20_SL70_240m,jupiter,30,median_3,30,53.3,-4.75,2.7,-8.32
DIP30_B5_T5_A20_SL70_240m,jupiter,30,median_5,30,46.7,-9.97,-3.02,-34.61
DIP30_B5_T5_A20_SL70_240m,jupiter,30,winsor_p95,30,56.7,3.44,6.57,21.46
DIP30_B5_T5_A20_SL70_240m,jupiter,30,dual_confirm,30,56.7,-2.45,2.02,3.88
DIP30_B5_T5_A20_SL70_240m,jupiter,30,ema_fast,30,56.7,2.75,13.05,16.29
DIP30_B5_T5_A20_SL70_240m,jupiter,30,ema_slow,30,43.3,-5.13,-3.3,-23.14
DIP30_B5_T5_A20_SL70_240m,jupiter,30,hysteresis,30,56.7,-4.15,2.02,-5.73
DIP30_B5_T5_A20_SL70_240m,jupiter,30,volume_gated,30,56.7,-2.45,2.02,3.88
DIP30_B5_T5_A20_SL70_240m,jupiter,60,raw,30,56.7,-2.89,2.02,1.92
DIP30_B5_T5_A20_SL70_240m,jupiter,60,median_3,30,53.3,-4.92,1.47,-12.16
DIP30_B5_T5_A20_SL70_240m,jupiter,60,median_5,30,50.0,-8.58,-0.71,-26.75
DIP30_B5_T5_A20_SL70_240m,jupiter,60,winsor_p95,30,56.7,4.75,13.05,32.63
DIP30_B5_T5_A20_SL70_240m,jupiter,60,dual_confirm,30,56.7,-2.89,2.02,1.92
DIP30_B5_T5_A20_SL70_240m,jupiter,60,ema_fast,30,56.7,2.42,13.05,15.12
DIP30_B5_T5_A20_SL70_240m,jupiter,60,ema_slow,30,46.7,-2.57,-3.3,-6.51
DIP30_B5_T5_A20_SL70_240m,jupiter,60,hysteresis,30,56.7,-4.59,2.02,-7.69
DIP30_B5_T5_A20_SL70_240m,jupiter,60,volume_gated,30,56.7,-2.89,2.02,1.92
DIP30_B5_T5_A20_SL70_240m,jupiter,120,raw,30,60.0,-0.43,5.44,14.12
DIP30_B5_T5_A20_SL70_240m,jupiter,120,median_3,30,56.7,-2.59,4.98,-4.6
DIP30_B5_T5_A20_SL70_240m,jupiter,120,median_5,30,56.7,1.13,7.17,19.32
DIP30_B5_T5_A20_SL70_240m,jupiter,120,winsor_p95,30,60.0,-2.73,5.44,-5.1
DIP30_B5_T5_A20_SL70_240m,jupiter,120,dual_confirm,30,60.0,-0.43,5.44,14.12
DIP30_B5_T5_A20_SL70_240m,jupiter,120,ema_fast,30,60.0,-3.19,5.44,-6.57
DIP30_B5_T5_A20_SL70_240m,jupiter,120,ema_slow,30,56.7,1.87,7.17,20.09
DIP30_B5_T5_A20_SL70_240m,jupiter,120,hysteresis,30,60.0,-2.41,5.44,3.59
DIP30_B5_T5_A20_SL70_240m,jupiter,120,volume_gated,30,60.0,-0.43,5.44,14.12
DIP30_B5_T5_A20_SL70_240m,dexscreener,0,raw,30,60.0,-4.82,5.03,-11.81
DIP30_B5_T5_A20_SL70_240m,dexscreener,0,median_3,30,60.0,-4.47,3.92,-11.4
DIP30_B5_T5_A20_SL70_240m,dexscreener,0,median_5,30,53.3,-10.25,1.95,-30.56
DIP30_B5_T5_A20_SL70_240m,dexscreener,0,winsor_p95,30,60.0,3.02,10.43,17.51
DIP30_B5_T5_A20_SL70_240m,dexscreener,0,dual_confirm,30,60.0,-4.82,5.03,-11.81
DIP30_B5_T5_A20_SL70_240m,dexscreener,0,ema_fast,30,60.0,2.55,7.13,13.43
DIP30_B5_T5_A20_SL70_240m,dexscreener,0,ema_slow,30,43.3,-5.91,-3.62,-21.33
DIP30_B5_T5_A20_SL70_240m,dexscreener,0,hysteresis,30,60.0,-6.55,5.03,-21.52
DIP30_B5_T5_A20_SL70_240m,dexscreener,0,volume_gated,30,60.0,-4.82,5.03,-11.81
DIP30_B5_T5_A20_SL70_240m,dexscreener,30,raw,30,60.0,-4.82,5.03,-11.81
DIP30_B5_T5_A20_SL70_240m,dexscreener,30,median_3,30,60.0,-4.47,3.92,-11.4
DIP30_B5_T5_A20_SL70_240m,dexscreener,30,median_5,30,53.3,-10.25,1.95,-30.56
DIP30_B5_T5_A20_SL70_240m,dexscreener,30,winsor_p95,30,60.0,3.02,10.43,17.51
DIP30_B5_T5_A20_SL70_240m,dexscreener,30,dual_confirm,30,60.0,-4.82,5.03,-11.81
DIP30_B5_T5_A20_SL70_240m,dexscreener,30,ema_fast,30,60.0,2.55,7.13,13.43
DIP30_B5_T5_A20_SL70_240m,dexscreener,30,ema_slow,30,43.3,-5.91,-3.62,-21.33
DIP30_B5_T5_A20_SL70_240m,dexscreener,30,hysteresis,30,60.0,-6.55,5.03,-21.52
DIP30_B5_T5_A20_SL70_240m,dexscreener,30,volume_gated,30,60.0,-4.82,5.03,-11.81
DIP30_B5_T5_A20_SL70_240m,dexscreener,60,raw,30,60.0,-5.26,5.03,-13.97
DIP30_B5_T5_A20_SL70_240m,dexscreener,60,median_3,30,60.0,-5.41,3.92,-17.36
DIP30_B5_T5_A20_SL70_240m,dexscreener,60,median_5,30,53.3,-10.09,1.95,-28.24
DIP30_B5_T5_A20_SL70_240m,dexscreener,60,winsor_p95,30,60.0,0.79,10.43,1.85
DIP30_B5_T5_A20_SL70_240m,dexscreener,60,dual_confirm,30,60.0,-5.26,5.03,-13.97
DIP30_B5_T5_A20_SL70_240m,dexscreener,60,ema_fast,30,60.0,0.75,7.13,1.03
DIP30_B5_T5_A20_SL70_240m,dexscreener,60,ema_slow,30,50.0,-4.33,2.83,-10.73
DIP30_B5_T5_A20_SL70_240m,dexscreener,60,hysteresis,30,60.0,-6.98,5.03,-23.68
DIP30_B5_T5_A20_SL70_240m,dexscreener,60,volume_gated,30,60.0,-5.26,5.03,-13.97
DIP30_B5_T5_A20_SL70_240m,dexscreener,120,raw,30,56.7,-3.01,10.25,-2.81
DIP30_B5_T5_A20_SL70_240m,dexscreener,120,median_3,30,56.7,-1.69,10.32,2.57
DIP30_B5_T5_A20_SL70_240m,dexscreener,120,median_5,30,53.3,0.21,12.2,20.15
DIP30_B5_T5_A20_SL70_240m,dexscreener,120,winsor_p95,30,56.7,1.78,11.22,23.72
DIP30_B5_T5_A20_SL70_240m,dexscreener,120,dual_confirm,30,56.7,-3.01,10.25,-2.81
DIP30_B5_T5_A20_SL70_240m,dexscreener,120,ema_fast,30,56.7,-2.33,7.18,0.13
DIP30_B5_T5_A20_SL70_240m,dexscreener,120,ema_slow,30,53.3,0.37,12.2,19.09
DIP30_B5_T5_A20_SL70_240m,dexscreener,120,hysteresis,30,56.7,-5.0,10.25,-13.41
DIP30_B5_T5_A20_SL70_240m,dexscreener,120,volume_gated,30,56.7,-3.01,10.25,-2.81
DIP30_B5_T5_A20_SL70_240m,both,0,raw,30,56.7,-2.09,6.11,5.01
DIP30_B5_T5_A20_SL70_240m,both,0,median_3,30,56.7,-4.08,3.93,-4.18
DIP30_B5_T5_A20_SL70_240m,both,0,median_5,30,50.0,-10.41,-0.71,-30.38
DIP30_B5_T5_A20_SL70_240m,both,0,winsor_p95,30,56.7,3.8,13.05,22.59
DIP30_B5_T5_A20_SL70_240m,both,0,dual_confirm,30,56.7,-2.09,6.11,5.01
DIP30_B5_T5_A20_SL70_240m,both,0,ema_fast,30,56.7,2.47,13.05,14.48
DIP30_B5_T5_A20_SL70_240m,both,0,ema_slow,30,43.3,-5.21,-3.3,-15.6
DIP30_B5_T5_A20_SL70_240m,both,0,hysteresis,30,56.7,-3.78,6.11,-4.6
DIP30_B5_T5_A20_SL70_240m,both,0,volume_gated,30,56.7,-2.09,6.11,5.01
DIP30_B5_T5_A20_SL70_240m,both,30,raw,30,56.7,-2.09,6.11,5.01
DIP30_B5_T5_A20_SL70_240m,both,30,median_3,30,56.7,-4.08,3.93,-4.18
DIP30_B5_T5_A20_SL70_240m,both,30,median_5,30,50.0,-10.41,-0.71,-30.38
DIP30_B5_T5_A20_SL70_240m,both,30,winsor_p95,30,56.7,3.8,13.05,22.59
DIP30_B5_T5_A20_SL70_240m,both,30,dual_confirm,30,56.7,-2.09,6.11,5.01
DIP30_B5_T5_A20_SL70_240m,both,30,ema_fast,30,56.7,2.47,13.05,14.48
DIP30_B5_T5_A20_SL70_240m,both,30,ema_slow,30,43.3,-5.21,-3.3,-15.6
DIP30_B5_T5_A20_SL70_240m,both,30,hysteresis,30,56.7,-3.78,6.11,-4.6
DIP30_B5_T5_A20_SL70_240m,both,30,volume_gated,30,56.7,-2.09,6.11,5.01
DIP30_B5_T5_A20_SL70_240m,both,60,raw,30,56.7,-2.53,6.11,3.05
DIP30_B5_T5_A20_SL70_240m,both,60,median_3,30,56.7,-4.72,2.7,-11.54
DIP30_B5_T5_A20_SL70_240m,both,60,median_5,30,50.0,-10.33,-0.71,-32.35
DIP30_B5_T5_A20_SL70_240m,both,60,winsor_p95,30,56.7,5.11,16.02,33.76
DIP30_B5_T5_A20_SL70_240m,both,60,dual_confirm,30,56.7,-2.53,6.11,3.05
DIP30_B5_T5_A20_SL70_240m,both,60,ema_fast,30,56.7,2.35,13.05,14.88
DIP30_B5_T5_A20_SL70_240m,both,60,ema_slow,30,46.7,-4.46,-3.3,-12.56
DIP30_B5_T5_A20_SL70_240m,both,60,hysteresis,30,56.7,-4.22,6.11,-6.56
DIP30_B5_T5_A20_SL70_240m,both,60,volume_gated,30,56.7,-2.53,6.11,3.05
DIP30_B5_T5_A20_SL70_240m,both,120,raw,30,60.0,-0.46,10.59,13.94
DIP30_B5_T5_A20_SL70_240m,both,120,median_3,30,60.0,-2.91,6.12,-5.74
DIP30_B5_T5_A20_SL70_240m,both,120,median_5,30,56.7,-0.23,7.17,15.03
DIP30_B5_T5_A20_SL70_240m,both,120,winsor_p95,30,60.0,-2.75,10.59,-5.28
DIP30_B5_T5_A20_SL70_240m,both,120,dual_confirm,30,60.0,-0.46,10.59,13.94
DIP30_B5_T5_A20_SL70_240m,both,120,ema_fast,30,60.0,-3.66,6.12,-8.12
DIP30_B5_T5_A20_SL70_240m,both,120,ema_slow,30,56.7,-0.06,7.17,14.0
DIP30_B5_T5_A20_SL70_240m,both,120,hysteresis,30,60.0,-2.44,10.59,3.41
DIP30_B5_T5_A20_SL70_240m,both,120,volume_gated,30,60.0,-0.46,10.59,13.94
