strategy,source,poll_sec,mode,n,wr_pct,avg_pnl_pct,median_pnl_pct,sum_pnl_10usd
FAST_TP70_SL30,jupiter,60,raw,102,40.2,-0.02,-15.58,-0.18
FAST_TP70_SL30,jupiter,60,median_3,102,41.2,0.96,-13.26,9.8
FAST_TP70_SL30,jupiter,60,median_5,102,41.2,1.42,-12.9,14.53
FAST_TP70_SL30,jupiter,60,winsor_p95,102,40.2,-0.12,-15.58,-1.22
FAST_TP70_SL30,jupiter,60,dual_confirm,102,41.2,1.38,-13.26,14.05
FAST_TP70_SL30,jupiter,60,ema_fast,102,40.2,-0.45,-13.96,-4.64
FAST_TP70_SL30,jupiter,60,ema_slow,102,42.2,1.38,-12.12,14.09
FAST_TP70_SL30,jupiter,60,hysteresis,102,44.1,-1.08,-8.35,-11.05
FAST_TP70_SL30,jupiter,60,volume_gated,102,40.2,-0.02,-15.58,-0.18
FAST_TP70_SL30,jupiter,120,raw,102,40.2,1.1,-13.71,11.19
FAST_TP70_SL30,jupiter,120,median_3,102,40.2,1.54,-12.5,15.7
FAST_TP70_SL30,jupiter,120,median_5,102,40.2,0.6,-12.5,6.09
FAST_TP70_SL30,jupiter,120,winsor_p95,102,40.2,0.89,-13.71,9.1
FAST_TP70_SL30,jupiter,120,dual_confirm,102,40.2,1.48,-12.5,15.1
FAST_TP70_SL30,jupiter,120,ema_fast,102,40.2,0.9,-13.71,9.21
FAST_TP70_SL30,jupiter,120,ema_slow,102,43.1,1.09,-8.65,11.07
FAST_TP70_SL30,jupiter,120,hysteresis,102,44.1,-1.08,-6.79,-11.02
FAST_TP70_SL30,jupiter,120,volume_gated,102,40.2,1.1,-13.71,11.19
FAST_TP70_SL30,dexscreener,60,raw,102,40.2,0.03,-16.24,0.33
FAST_TP70_SL30,dexscreener,60,median_3,102,41.2,0.37,-13.73,3.81
FAST_TP70_SL30,dexscreener,60,median_5,102,40.2,0.67,-13.01,6.81
FAST_TP70_SL30,dexscreener,60,winsor_p95,102,39.2,-0.44,-16.24,-4.53
FAST_TP70_SL30,dexscreener,60,dual_confirm,102,41.2,0.78,-13.73,7.99
FAST_TP70_SL30,dexscreener,60,ema_fast,102,39.2,-0.96,-16.24,-9.74
FAST_TP70_SL30,dexscreener,60,ema_slow,102,42.2,0.78,-10.94,7.99
FAST_TP70_SL30,dexscreener,60,hysteresis,102,43.1,-1.06,-7.16,-10.86
FAST_TP70_SL30,dexscreener,60,volume_gated,102,40.2,0.03,-16.24,0.33
FAST_TP70_SL30,dexscreener,120,raw,102,39.2,-0.11,-15.45,-1.07
FAST_TP70_SL30,dexscreener,120,median_3,102,39.2,0.72,-13.01,7.33
FAST_TP70_SL30,dexscreener,120,median_5,102,40.2,0.42,-12.21,4.32
FAST_TP70_SL30,dexscreener,120,winsor_p95,102,39.2,-0.05,-14.37,-0.51
FAST_TP70_SL30,dexscreener,120,dual_confirm,102,40.2,1.0,-12.21,10.16
FAST_TP70_SL30,dexscreener,120,ema_fast,102,39.2,-0.16,-13.73,-1.65
FAST_TP70_SL30,dexscreener,120,ema_slow,102,43.1,0.93,-8.7,9.52
FAST_TP70_SL30,dexscreener,120,hysteresis,102,43.1,-0.97,-6.77,-9.86
FAST_TP70_SL30,dexscreener,120,volume_gated,102,39.2,-0.11,-15.45,-1.07
FAST_TP70_SL30,both,60,raw,102,40.2,-0.15,-15.58,-1.48
FAST_TP70_SL30,both,60,median_3,102,41.2,0.65,-13.26,6.59
FAST_TP70_SL30,both,60,median_5,102,41.2,1.15,-12.9,11.71
FAST_TP70_SL30,both,60,winsor_p95,102,40.2,-0.25,-15.58,-2.53
FAST_TP70_SL30,both,60,dual_confirm,102,41.2,1.06,-13.26,10.84
FAST_TP70_SL30,both,60,ema_fast,102,40.2,-0.73,-13.96,-7.46
FAST_TP70_SL30,both,60,ema_slow,102,42.2,0.99,-12.12,10.15
FAST_TP70_SL30,both,60,hysteresis,102,44.1,-1.2,-8.35,-12.26
FAST_TP70_SL30,both,60,volume_gated,102,40.2,-0.15,-15.58,-1.48
FAST_TP70_SL30,both,120,raw,102,40.2,1.09,-13.71,11.15
FAST_TP70_SL30,both,120,median_3,102,40.2,1.33,-12.5,13.53
FAST_TP70_SL30,both,120,median_5,102,40.2,0.49,-12.5,5.03
FAST_TP70_SL30,both,120,winsor_p95,102,40.2,0.59,-13.71,6.03
FAST_TP70_SL30,both,120,dual_confirm,102,40.2,1.27,-12.5,12.92
FAST_TP70_SL30,both,120,ema_fast,102,40.2,0.69,-13.71,7.03
FAST_TP70_SL30,both,120,ema_slow,102,43.1,1.03,-8.65,10.51
FAST_TP70_SL30,both,120,hysteresis,102,44.1,-1.18,-6.79,-12.02
FAST_TP70_SL30,both,120,volume_gated,102,40.2,1.09,-13.71,11.15
FAST_TP80_SL25,jupiter,60,raw,102,36.3,-0.12,-25.22,-1.24
FAST_TP80_SL25,jupiter,60,median_3,102,37.3,1.04,-21.85,10.57
FAST_TP80_SL25,jupiter,60,median_5,102,38.2,1.65,-16.49,16.84
FAST_TP80_SL25,jupiter,60,winsor_p95,102,38.2,1.15,-20.66,11.75
FAST_TP80_SL25,jupiter,60,dual_confirm,102,38.2,2.43,-18.27,24.82
FAST_TP80_SL25,jupiter,60,ema_fast,102,39.2,2.23,-18.27,22.75
FAST_TP80_SL25,jupiter,60,ema_slow,102,42.2,3.75,-12.12,38.24
FAST_TP80_SL25,jupiter,60,hysteresis,102,44.1,-1.08,-8.35,-11.05
FAST_TP80_SL25,jupiter,60,volume_gated,102,36.3,-0.12,-25.22,-1.24
FAST_TP80_SL25,jupiter,120,raw,102,36.3,1.3,-18.27,13.26
FAST_TP80_SL25,jupiter,120,median_3,102,39.2,2.36,-15.02,24.04
FAST_TP80_SL25,jupiter,120,median_5,102,39.2,1.67,-14.34,17.02
FAST_TP80_SL25,jupiter,120,winsor_p95,102,37.3,1.54,-16.49,15.72
FAST_TP80_SL25,jupiter,120,dual_confirm,102,39.2,2.49,-14.81,25.4
FAST_TP80_SL25,jupiter,120,ema_fast,102,39.2,2.53,-15.02,25.81
FAST_TP80_SL25,jupiter,120,ema_slow,102,42.2,3.49,-10.98,35.6
FAST_TP80_SL25,jupiter,120,hysteresis,102,44.1,-1.08,-6.79,-11.02
FAST_TP80_SL25,jupiter,120,volume_gated,102,36.3,1.3,-18.27,13.26
FAST_TP80_SL25,dexscreener,60,raw,102,35.3,-1.6,-25.22,-16.35
FAST_TP80_SL25,dexscreener,60,median_3,102,36.3,-0.01,-18.79,-0.11
FAST_TP80_SL25,dexscreener,60,median_5,102,37.3,1.24,-16.3,12.63
FAST_TP80_SL25,dexscreener,60,winsor_p95,102,36.3,-1.03,-23.93,-10.49
FAST_TP80_SL25,dexscreener,60,dual_confirm,102,38.2,2.32,-16.3,23.7
FAST_TP80_SL25,dexscreener,60,ema_fast,102,36.3,-0.24,-18.79,-2.5
FAST_TP80_SL25,dexscreener,60,ema_slow,102,42.2,3.31,-10.94,33.73
FAST_TP80_SL25,dexscreener,60,hysteresis,102,43.1,-1.06,-7.16,-10.86
FAST_TP80_SL25,dexscreener,60,volume_gated,102,35.3,-1.6,-25.22,-16.35
FAST_TP80_SL25,dexscreener,120,raw,102,36.3,0.79,-16.47,8.02
FAST_TP80_SL25,dexscreener,120,median_3,102,37.3,0.54,-16.24,5.5
FAST_TP80_SL25,dexscreener,120,median_5,102,38.2,0.7,-14.37,7.15
FAST_TP80_SL25,dexscreener,120,winsor_p95,102,36.3,0.22,-16.47,2.23
FAST_TP80_SL25,dexscreener,120,dual_confirm,102,37.3,0.54,-16.24,5.5
FAST_TP80_SL25,dexscreener,120,ema_fast,102,37.3,0.82,-16.3,8.33
FAST_TP80_SL25,dexscreener,120,ema_slow,102,42.2,2.82,-10.94,28.78
FAST_TP80_SL25,dexscreener,120,hysteresis,102,43.1,-0.97,-6.77,-9.86
FAST_TP80_SL25,dexscreener,120,volume_gated,102,36.3,0.79,-16.47,8.02
FAST_TP80_SL25,both,60,raw,102,36.3,-0.4,-25.22,-4.06
FAST_TP80_SL25,both,60,median_3,102,37.3,0.77,-21.85,7.86
FAST_TP80_SL25,both,60,median_5,102,38.2,1.39,-16.49,14.13
FAST_TP80_SL25,both,60,winsor_p95,102,38.2,0.89,-20.66,9.04
FAST_TP80_SL25,both,60,dual_confirm,102,38.2,2.17,-18.27,22.11
FAST_TP80_SL25,both,60,ema_fast,102,39.2,1.97,-18.27,20.05
FAST_TP80_SL25,both,60,ema_slow,102,42.2,3.41,-12.12,34.8
FAST_TP80_SL25,both,60,hysteresis,102,44.1,-1.2,-8.35,-12.26
FAST_TP80_SL25,both,60,volume_gated,102,36.3,-0.4,-25.22,-4.06
FAST_TP80_SL25,both,120,raw,102,36.3,1.15,-18.27,11.7
FAST_TP80_SL25,both,120,median_3,102,39.2,2.14,-15.02,21.87
FAST_TP80_SL25,both,120,median_5,102,39.2,1.51,-14.34,15.35
FAST_TP80_SL25,both,120,winsor_p95,102,37.3,1.34,-16.49,13.65
FAST_TP80_SL25,both,120,dual_confirm,102,39.2,2.28,-14.81,23.23
FAST_TP80_SL25,both,120,ema_fast,102,39.2,2.39,-15.02,24.36
FAST_TP80_SL25,both,120,ema_slow,102,42.2,3.13,-10.98,31.92
FAST_TP80_SL25,both,120,hysteresis,102,44.1,-1.18,-6.79,-12.02
FAST_TP80_SL25,both,120,volume_gated,102,36.3,1.15,-18.27,11.7
BE25_TP80_SL30,jupiter,60,raw,102,34.3,0.69,-1.2,7.04
BE25_TP80_SL30,jupiter,60,median_3,102,38.2,2.47,-1.2,25.18
BE25_TP80_SL30,jupiter,60,median_5,102,38.2,3.81,-1.2,38.86
BE25_TP80_SL30,jupiter,60,winsor_p95,102,34.3,-0.32,-1.2,-3.31
BE25_TP80_SL30,jupiter,60,dual_confirm,102,35.3,2.1,-1.12,21.47
BE25_TP80_SL30,jupiter,60,ema_fast,102,37.3,1.82,-1.2,18.59
BE25_TP80_SL30,jupiter,60,ema_slow,102,41.2,2.83,-1.39,28.92
BE25_TP80_SL30,jupiter,60,hysteresis,102,36.3,-0.09,-0.99,-0.92
BE25_TP80_SL30,jupiter,60,volume_gated,102,34.3,0.69,-1.2,7.04
BE25_TP80_SL30,jupiter,120,raw,102,34.3,1.71,-1.2,17.41
BE25_TP80_SL30,jupiter,120,median_3,102,37.3,3.88,-1.2,39.52
BE25_TP80_SL30,jupiter,120,median_5,102,35.3,3.04,-1.2,31.05
BE25_TP80_SL30,jupiter,120,winsor_p95,102,35.3,1.14,-1.2,11.67
BE25_TP80_SL30,jupiter,120,dual_confirm,102,34.3,1.46,-1.2,14.89
BE25_TP80_SL30,jupiter,120,ema_fast,102,37.3,2.63,-1.2,26.85
BE25_TP80_SL30,jupiter,120,ema_slow,102,38.2,2.59,-1.2,26.42
BE25_TP80_SL30,jupiter,120,hysteresis,102,36.3,-0.09,-0.99,-0.89
BE25_TP80_SL30,jupiter,120,volume_gated,102,34.3,1.71,-1.2,17.41
BE25_TP80_SL30,dexscreener,60,raw,102,35.3,0.29,-0.99,2.91
BE25_TP80_SL30,dexscreener,60,median_3,102,38.2,1.61,-1.12,16.46
BE25_TP80_SL30,dexscreener,60,median_5,102,38.2,2.69,-1.2,27.49
BE25_TP80_SL30,dexscreener,60,winsor_p95,102,35.3,-0.4,-1.12,-4.06
BE25_TP80_SL30,dexscreener,60,dual_confirm,102,37.3,1.67,-0.74,17.04
BE25_TP80_SL30,dexscreener,60,ema_fast,102,37.3,1.2,-1.39,12.29
BE25_TP80_SL30,dexscreener,60,ema_slow,102,41.2,1.95,-1.68,19.88
BE25_TP80_SL30,dexscreener,60,hysteresis,102,37.3,0.09,-0.68,0.89
BE25_TP80_SL30,dexscreener,60,volume_gated,102,35.3,0.29,-0.99,2.91
BE25_TP80_SL30,dexscreener,120,raw,102,35.3,1.13,-0.99,11.49
BE25_TP80_SL30,dexscreener,120,median_3,102,38.2,3.66,-1.12,37.33
BE25_TP80_SL30,dexscreener,120,median_5,102,37.3,2.81,-1.03,28.63
BE25_TP80_SL30,dexscreener,120,winsor_p95,102,36.3,0.95,-1.2,9.7
BE25_TP80_SL30,dexscreener,120,dual_confirm,102,36.3,1.35,-0.89,13.74
BE25_TP80_SL30,dexscreener,120,ema_fast,102,37.3,2.62,-1.12,26.72
BE25_TP80_SL30,dexscreener,120,ema_slow,102,40.2,3.06,-0.99,31.24
BE25_TP80_SL30,dexscreener,120,hysteresis,102,37.3,0.23,-0.68,2.33
BE25_TP80_SL30,dexscreener,120,volume_gated,102,35.3,1.13,-0.99,11.49
BE25_TP80_SL30,both,60,raw,102,33.3,0.04,-1.2,0.44
BE25_TP80_SL30,both,60,median_3,102,37.3,1.76,-1.2,17.92
BE25_TP80_SL30,both,60,median_5,102,37.3,2.87,-1.2,29.27
BE25_TP80_SL30,both,60,winsor_p95,102,33.3,-0.97,-1.2,-9.91
BE25_TP80_SL30,both,60,dual_confirm,102,34.3,1.46,-1.12,14.87
BE25_TP80_SL30,both,60,ema_fast,102,36.3,1.11,-1.2,11.34
BE25_TP80_SL30,both,60,ema_slow,102,41.2,2.56,-1.39,26.09
BE25_TP80_SL30,both,60,hysteresis,102,35.3,-0.74,-0.99,-7.52
BE25_TP80_SL30,both,60,volume_gated,102,33.3,0.04,-1.2,0.44
BE25_TP80_SL30,both,120,raw,102,33.3,1.18,-1.2,12.06
BE25_TP80_SL30,both,120,median_3,102,36.3,3.06,-1.2,31.19
BE25_TP80_SL30,both,120,median_5,102,34.3,2.52,-1.2,25.7
BE25_TP80_SL30,both,120,winsor_p95,102,34.3,0.62,-1.2,6.33
BE25_TP80_SL30,both,120,dual_confirm,102,33.3,0.94,-1.2,9.54
BE25_TP80_SL30,both,120,ema_fast,102,36.3,2.11,-1.2,21.51
BE25_TP80_SL30,both,120,ema_slow,102,38.2,2.5,-1.2,25.5
BE25_TP80_SL30,both,120,hysteresis,102,35.3,-0.65,-0.99,-6.68
BE25_TP80_SL30,both,120,volume_gated,102,33.3,1.18,-1.2,12.06
BE30_TP100_SL30,jupiter,60,raw,102,37.3,0.81,-1.39,8.22
BE30_TP100_SL30,jupiter,60,median_3,102,39.2,2.37,-1.66,24.15
BE30_TP100_SL30,jupiter,60,median_5,102,40.2,3.52,-1.12,35.88
BE30_TP100_SL30,jupiter,60,winsor_p95,102,37.3,0.35,-4.34,3.56
BE30_TP100_SL30,jupiter,60,dual_confirm,102,38.2,2.1,-1.12,21.44
BE30_TP100_SL30,jupiter,60,ema_fast,102,38.2,2.27,-1.39,23.11
BE30_TP100_SL30,jupiter,60,ema_slow,102,41.2,2.49,-1.92,25.4
BE30_TP100_SL30,jupiter,60,hysteresis,102,39.2,-0.26,-0.99,-2.7
BE30_TP100_SL30,jupiter,60,volume_gated,102,37.3,0.81,-1.39,8.22
BE30_TP100_SL30,jupiter,120,raw,102,37.3,1.58,-1.39,16.1
BE30_TP100_SL30,jupiter,120,median_3,102,40.2,4.45,-1.39,45.38
BE30_TP100_SL30,jupiter,120,median_5,102,39.2,3.35,-1.39,34.17
BE30_TP100_SL30,jupiter,120,winsor_p95,102,39.2,4.09,-2.96,41.75
BE30_TP100_SL30,jupiter,120,dual_confirm,102,37.3,1.7,-1.39,17.37
BE30_TP100_SL30,jupiter,120,ema_fast,102,39.2,3.73,-1.39,38.1
BE30_TP100_SL30,jupiter,120,ema_slow,102,40.2,3.32,-1.39,33.82
BE30_TP100_SL30,jupiter,120,hysteresis,102,39.2,-0.26,-0.99,-2.67
BE30_TP100_SL30,jupiter,120,volume_gated,102,37.3,1.58,-1.39,16.1
BE30_TP100_SL30,dexscreener,60,raw,102,36.3,0.28,-1.39,2.86
BE30_TP100_SL30,dexscreener,60,median_3,102,39.2,1.35,-2.33,13.78
BE30_TP100_SL30,dexscreener,60,median_5,102,39.2,2.26,-1.68,23.1
BE30_TP100_SL30,dexscreener,60,winsor_p95,102,36.3,0.09,-4.18,0.9
BE30_TP100_SL30,dexscreener,60,dual_confirm,102,38.2,1.17,-1.03,11.89
BE30_TP100_SL30,dexscreener,60,ema_fast,102,37.3,1.13,-4.18,11.5
BE30_TP100_SL30,dexscreener,60,ema_slow,102,41.2,1.86,-4.18,18.97
BE30_TP100_SL30,dexscreener,60,hysteresis,102,38.2,-0.59,-0.99,-6.02
BE30_TP100_SL30,dexscreener,60,volume_gated,102,36.3,0.28,-1.39,2.86
BE30_TP100_SL30,dexscreener,120,raw,102,36.3,0.88,-1.39,8.95
BE30_TP100_SL30,dexscreener,120,median_3,102,39.2,3.73,-1.68,38.05
BE30_TP100_SL30,dexscreener,120,median_5,102,39.2,3.01,-1.39,30.72
BE30_TP100_SL30,dexscreener,120,winsor_p95,102,38.2,4.2,-3.45,42.83
BE30_TP100_SL30,dexscreener,120,dual_confirm,102,37.3,1.09,-1.12,11.09
BE30_TP100_SL30,dexscreener,120,ema_fast,102,38.2,3.17,-2.33,32.37
BE30_TP100_SL30,dexscreener,120,ema_slow,102,40.2,3.46,-1.12,35.28
BE30_TP100_SL30,dexscreener,120,hysteresis,102,38.2,-0.45,-0.99,-4.58
BE30_TP100_SL30,dexscreener,120,volume_gated,102,36.3,0.88,-1.39,8.95
BE30_TP100_SL30,both,60,raw,102,37.3,0.53,-1.39,5.4
BE30_TP100_SL30,both,60,median_3,102,39.2,2.05,-1.66,20.95
BE30_TP100_SL30,both,60,median_5,102,40.2,3.24,-1.12,33.06
BE30_TP100_SL30,both,60,winsor_p95,102,37.3,0.33,-1.66,3.34
BE30_TP100_SL30,both,60,dual_confirm,102,38.2,1.83,-1.12,18.62
BE30_TP100_SL30,both,60,ema_fast,102,38.2,1.99,-1.39,20.29
BE30_TP100_SL30,both,60,ema_slow,102,41.2,2.21,-1.92,22.57
BE30_TP100_SL30,both,60,hysteresis,102,39.2,-0.54,-0.99,-5.52
BE30_TP100_SL30,both,60,volume_gated,102,37.3,0.53,-1.39,5.4
BE30_TP100_SL30,both,120,raw,102,37.3,1.42,-1.39,14.53
BE30_TP100_SL30,both,120,median_3,102,40.2,4.3,-1.39,43.82
BE30_TP100_SL30,both,120,median_5,102,39.2,3.2,-1.39,32.61
BE30_TP100_SL30,both,120,winsor_p95,102,39.2,4.2,-1.66,42.79
BE30_TP100_SL30,both,120,dual_confirm,102,37.3,1.55,-1.39,15.81
BE30_TP100_SL30,both,120,ema_fast,102,39.2,3.58,-1.39,36.53
BE30_TP100_SL30,both,120,ema_slow,102,40.2,3.42,-1.12,34.87
BE30_TP100_SL30,both,120,hysteresis,102,39.2,-0.46,-0.99,-4.68
BE30_TP100_SL30,both,120,volume_gated,102,37.3,1.42,-1.39,14.53
FAST_TP100_SL20,jupiter,60,raw,102,35.3,1.43,-20.24,14.58
FAST_TP100_SL20,jupiter,60,median_3,102,35.3,1.46,-20.24,14.9
FAST_TP100_SL20,jupiter,60,median_5,102,37.3,2.95,-20.24,30.08
FAST_TP100_SL20,jupiter,60,winsor_p95,102,36.3,2.7,-20.24,27.52
FAST_TP100_SL20,jupiter,60,dual_confirm,102,38.2,4.67,-19.46,47.66
FAST_TP100_SL20,jupiter,60,ema_fast,102,36.3,2.64,-20.24,26.91
FAST_TP100_SL20,jupiter,60,ema_slow,102,40.2,4.82,-15.58,49.12
FAST_TP100_SL20,jupiter,60,hysteresis,102,44.1,-1.08,-8.35,-11.05
FAST_TP100_SL20,jupiter,60,volume_gated,102,35.3,1.43,-20.24,14.58
FAST_TP100_SL20,jupiter,120,raw,102,35.3,2.53,-20.24,25.81
FAST_TP100_SL20,jupiter,120,median_3,102,37.3,3.33,-19.46,34.01
FAST_TP100_SL20,jupiter,120,median_5,102,37.3,2.78,-18.27,28.35
FAST_TP100_SL20,jupiter,120,winsor_p95,102,35.3,3.67,-20.24,37.39
FAST_TP100_SL20,jupiter,120,dual_confirm,102,37.3,3.33,-19.46,33.92
FAST_TP100_SL20,jupiter,120,ema_fast,102,36.3,3.59,-20.24,36.59
FAST_TP100_SL20,jupiter,120,ema_slow,102,41.2,5.72,-12.5,58.34
FAST_TP100_SL20,jupiter,120,hysteresis,102,44.1,-1.08,-6.79,-11.02
FAST_TP100_SL20,jupiter,120,volume_gated,102,35.3,2.53,-20.24,25.81
FAST_TP100_SL20,dexscreener,60,raw,102,33.3,0.59,-20.24,6.03
FAST_TP100_SL20,dexscreener,60,median_3,102,34.3,0.97,-20.24,9.93
FAST_TP100_SL20,dexscreener,60,median_5,102,34.3,1.93,-20.24,19.71
FAST_TP100_SL20,dexscreener,60,winsor_p95,102,34.3,1.86,-20.24,18.97
FAST_TP100_SL20,dexscreener,60,dual_confirm,102,36.3,3.4,-20.24,34.68
FAST_TP100_SL20,dexscreener,60,ema_fast,102,35.3,2.15,-20.24,21.94
FAST_TP100_SL20,dexscreener,60,ema_slow,102,39.2,4.53,-16.24,46.17
FAST_TP100_SL20,dexscreener,60,hysteresis,102,43.1,-1.06,-7.16,-10.86
FAST_TP100_SL20,dexscreener,60,volume_gated,102,33.3,0.59,-20.24,6.03
FAST_TP100_SL20,dexscreener,120,raw,102,34.3,2.01,-20.24,20.52
FAST_TP100_SL20,dexscreener,120,median_3,102,35.3,2.45,-20.24,24.99
FAST_TP100_SL20,dexscreener,120,median_5,102,36.3,2.29,-16.47,23.38
FAST_TP100_SL20,dexscreener,120,winsor_p95,102,34.3,3.62,-20.24,36.91
FAST_TP100_SL20,dexscreener,120,dual_confirm,102,35.3,2.44,-20.24,24.91
FAST_TP100_SL20,dexscreener,120,ema_fast,102,35.3,3.11,-20.24,31.69
FAST_TP100_SL20,dexscreener,120,ema_slow,102,40.2,5.42,-13.73,55.32
FAST_TP100_SL20,dexscreener,120,hysteresis,102,43.1,-0.97,-6.77,-9.86
FAST_TP100_SL20,dexscreener,120,volume_gated,102,34.3,2.01,-20.24,20.52
FAST_TP100_SL20,both,60,raw,102,35.3,1.15,-20.24,11.76
FAST_TP100_SL20,both,60,median_3,102,35.3,1.24,-20.24,12.7
FAST_TP100_SL20,both,60,median_5,102,37.3,2.73,-20.24,27.87
FAST_TP100_SL20,both,60,winsor_p95,102,36.3,2.42,-20.24,24.7
FAST_TP100_SL20,both,60,dual_confirm,102,38.2,4.46,-19.46,45.45
FAST_TP100_SL20,both,60,ema_fast,102,36.3,2.42,-20.24,24.7
FAST_TP100_SL20,both,60,ema_slow,102,40.2,4.59,-15.58,46.79
FAST_TP100_SL20,both,60,hysteresis,102,44.1,-1.2,-8.35,-12.26
FAST_TP100_SL20,both,60,volume_gated,102,35.3,1.15,-20.24,11.76
FAST_TP100_SL20,both,120,raw,102,35.3,2.45,-20.24,25.01
FAST_TP100_SL20,both,120,median_3,102,37.3,3.24,-19.46,33.05
FAST_TP100_SL20,both,120,median_5,102,37.3,2.7,-17.02,27.54
FAST_TP100_SL20,both,120,winsor_p95,102,35.3,3.51,-20.24,35.83
FAST_TP100_SL20,both,120,dual_confirm,102,37.3,3.23,-19.46,32.97
FAST_TP100_SL20,both,120,ema_fast,102,36.3,3.49,-20.24,35.64
FAST_TP100_SL20,both,120,ema_slow,102,41.2,5.51,-12.5,56.16
FAST_TP100_SL20,both,120,hysteresis,102,44.1,-1.18,-6.79,-12.02
FAST_TP100_SL20,both,120,volume_gated,102,35.3,2.45,-20.24,25.01
FAST_TP50_SL30,jupiter,60,raw,102,43.1,0.46,-13.26,4.65
FAST_TP50_SL30,jupiter,60,median_3,102,42.2,-0.51,-12.9,-5.25
FAST_TP50_SL30,jupiter,60,median_5,102,43.1,0.55,-10.98,5.56
FAST_TP50_SL30,jupiter,60,winsor_p95,102,42.2,-0.5,-13.71,-5.05
FAST_TP50_SL30,jupiter,60,dual_confirm,102,41.2,-1.23,-13.26,-12.5
FAST_TP50_SL30,jupiter,60,ema_fast,102,40.2,-1.67,-13.96,-17.02
FAST_TP50_SL30,jupiter,60,ema_slow,102,42.2,-0.05,-12.12,-0.47
FAST_TP50_SL30,jupiter,60,hysteresis,102,44.1,-1.08,-8.35,-11.05
FAST_TP50_SL30,jupiter,60,volume_gated,102,43.1,0.46,-13.26,4.65
FAST_TP50_SL30,jupiter,120,raw,102,42.2,0.44,-12.5,4.51
FAST_TP50_SL30,jupiter,120,median_3,102,42.2,1.03,-10.98,10.55
FAST_TP50_SL30,jupiter,120,median_5,102,41.2,-0.14,-11.97,-1.42
FAST_TP50_SL30,jupiter,120,winsor_p95,102,41.2,-0.47,-13.0,-4.75
FAST_TP50_SL30,jupiter,120,dual_confirm,102,41.2,-0.25,-11.97,-2.54
FAST_TP50_SL30,jupiter,120,ema_fast,102,40.2,-1.47,-13.71,-14.99
FAST_TP50_SL30,jupiter,120,ema_slow,102,43.1,-0.44,-8.65,-4.51
FAST_TP50_SL30,jupiter,120,hysteresis,102,44.1,-1.08,-6.79,-11.02
FAST_TP50_SL30,jupiter,120,volume_gated,102,42.2,0.44,-12.5,4.51
FAST_TP50_SL30,dexscreener,60,raw,102,45.1,1.64,-11.54,16.76
FAST_TP50_SL30,dexscreener,60,median_3,102,43.1,-1.3,-13.01,-13.24
FAST_TP50_SL30,dexscreener,60,median_5,102,44.1,1.48,-8.92,15.11
FAST_TP50_SL30,dexscreener,60,winsor_p95,102,42.2,-0.82,-13.73,-8.32
FAST_TP50_SL30,dexscreener,60,dual_confirm,102,42.2,-2.02,-13.73,-20.55
FAST_TP50_SL30,dexscreener,60,ema_fast,102,40.2,-2.43,-16.24,-24.74
FAST_TP50_SL30,dexscreener,60,ema_slow,102,42.2,-0.61,-10.94,-6.24
FAST_TP50_SL30,dexscreener,60,hysteresis,102,43.1,-1.06,-7.16,-10.86
FAST_TP50_SL30,dexscreener,60,volume_gated,102,45.1,1.64,-11.54,16.76
FAST_TP50_SL30,dexscreener,120,raw,102,43.1,0.67,-13.73,6.83
FAST_TP50_SL30,dexscreener,120,median_3,102,41.2,0.01,-12.21,0.07
FAST_TP50_SL30,dexscreener,120,median_5,102,42.2,0.71,-11.59,7.23
FAST_TP50_SL30,dexscreener,120,winsor_p95,102,41.2,-0.51,-13.73,-5.25
FAST_TP50_SL30,dexscreener,120,dual_confirm,102,41.2,-0.54,-12.21,-5.55
FAST_TP50_SL30,dexscreener,120,ema_fast,102,40.2,-1.96,-13.73,-20.03
FAST_TP50_SL30,dexscreener,120,ema_slow,102,43.1,-0.22,-8.7,-2.25
FAST_TP50_SL30,dexscreener,120,hysteresis,102,43.1,-0.97,-6.77,-9.86
FAST_TP50_SL30,dexscreener,120,volume_gated,102,43.1,0.67,-13.73,6.83
FAST_TP50_SL30,both,60,raw,102,43.1,0.23,-13.26,2.36
FAST_TP50_SL30,both,60,median_3,102,42.2,-0.74,-12.9,-7.54
FAST_TP50_SL30,both,60,median_5,102,43.1,0.36,-10.98,3.65
FAST_TP50_SL30,both,60,winsor_p95,102,42.2,-0.72,-13.71,-7.34
FAST_TP50_SL30,both,60,dual_confirm,102,41.2,-1.45,-13.26,-14.79
FAST_TP50_SL30,both,60,ema_fast,102,40.2,-1.86,-13.96,-18.93
FAST_TP50_SL30,both,60,ema_slow,102,42.2,-0.44,-12.12,-4.51
FAST_TP50_SL30,both,60,hysteresis,102,44.1,-1.2,-8.35,-12.26
FAST_TP50_SL30,both,60,volume_gated,102,43.1,0.23,-13.26,2.36
FAST_TP50_SL30,both,120,raw,102,42.2,0.34,-12.5,3.48
FAST_TP50_SL30,both,120,median_3,102,42.2,0.91,-10.98,9.29
FAST_TP50_SL30,both,120,median_5,102,41.2,-0.15,-11.97,-1.56
FAST_TP50_SL30,both,120,winsor_p95,102,41.2,-0.68,-13.0,-6.9
FAST_TP50_SL30,both,120,dual_confirm,102,41.2,-0.37,-11.97,-3.79
FAST_TP50_SL30,both,120,ema_fast,102,40.2,-1.59,-13.71,-16.24
FAST_TP50_SL30,both,120,ema_slow,102,43.1,-0.5,-8.65,-5.07
FAST_TP50_SL30,both,120,hysteresis,102,44.1,-1.18,-6.79,-12.02
FAST_TP50_SL30,both,120,volume_gated,102,42.2,0.34,-12.5,3.48
